epoch,step,train_loss,val_acc,val_loss
0,49,2.15478515625,,
0,99,2.062255859375,,
0,149,2.0018310546875,,
0,199,1.87890625,,
0,249,1.66546630859375,,
0,299,1.92559814453125,,
0,349,1.7027587890625,,
0,399,1.718505859375,,
0,449,2.153564453125,,
0,499,1.74090576171875,,
0,549,1.8663330078125,,
0,599,1.832550048828125,,
0,649,1.784820556640625,,
0,699,1.60748291015625,,
0,749,1.555877685546875,,
0,799,1.390411376953125,,
0,849,1.70977783203125,,
0,899,1.370208740234375,,
0,949,1.800323486328125,,
0,999,1.52166748046875,,
0,1049,1.540435791015625,,
0,1099,1.86065673828125,,
0,1149,1.731689453125,,
0,1199,2.4002685546875,,
0,1249,1.1811676025390625,,
0,1299,1.93280029296875,,
0,1349,1.7060546875,,
0,1399,1.93939208984375,,
0,1449,1.652099609375,,
0,1499,2.0023193359375,,
0,1549,1.384185791015625,,
0,1599,1.6287841796875,,
0,1649,1.556549072265625,,
0,1699,1.536865234375,,
0,1749,1.2619171142578125,,
0,1799,1.8021621704101562,,
0,1849,1.688812255859375,,
0,1899,1.3571014404296875,,
0,1949,1.1883468627929688,,
0,1999,1.697998046875,,
0,2049,1.120574951171875,,
0,2099,1.99566650390625,,
0,2149,2.03759765625,,
0,2199,1.322265625,,
0,2249,1.412109375,,
0,2299,1.663726806640625,,
0,2349,2.31219482421875,,
0,2399,0.8426971435546875,,
0,2449,1.904052734375,,
0,2499,1.499114990234375,,
0,2549,1.9271240234375,,
0,2599,1.569976806640625,,
0,2649,2.05438232421875,,
0,2699,1.917236328125,,
0,2749,1.4940261840820312,,
0,2799,2.221343994140625,,
0,2849,1.677947998046875,,
0,2899,1.0713386535644531,,
0,2949,1.6389617919921875,,
0,2999,0.6601409912109375,,
0,3049,1.9537811279296875,,
0,3099,1.15478515625,,
0,3149,1.3608474731445312,,
0,3199,1.5699462890625,,
0,3249,1.8153953552246094,,
0,3299,1.784912109375,,
0,3349,1.2309627532958984,,
0,3399,1.3339996337890625,,
0,3449,1.82666015625,,
0,3499,1.7509765625,,
0,3549,1.8526992797851562,,
0,3599,1.195281982421875,,
0,3649,0.7109584808349609,,
0,3699,1.6038856506347656,,
0,3749,1.0873565673828125,,
0,3799,1.23895263671875,,
0,3849,1.4984283447265625,,
0,3899,0.9521961212158203,,
0,3932,,0.4776656925678253,1.3943318128585815
1,3949,1.3027801513671875,,
1,3999,0.9504814147949219,,
1,4049,1.242422103881836,,
1,4099,1.651458740234375,,
1,4149,0.5754966735839844,,
1,4199,0.7883758544921875,,
1,4249,1.5315437316894531,,
1,4299,1.282379150390625,,
1,4349,1.0322895050048828,,
1,4399,1.4444732666015625,,
1,4449,2.058879852294922,,
1,4499,0.9583206176757812,,
1,4549,1.3531494140625,,
1,4599,1.2413520812988281,,
1,4649,1.7664318084716797,,
1,4699,1.3954029083251953,,
1,4749,1.3038902282714844,,
1,4799,1.0597724914550781,,
1,4849,1.5313873291015625,,
1,4899,0.9813919067382812,,
1,4949,1.5453166961669922,,
1,4999,1.455169677734375,,
1,5049,1.3714618682861328,,
1,5099,1.1216888427734375,,
1,5149,0.8798789978027344,,
1,5199,1.1804065704345703,,
1,5249,1.3781166076660156,,
1,5299,1.2492237091064453,,
1,5349,1.0537757873535156,,
1,5399,1.3164558410644531,,
1,5449,1.1786136627197266,,
1,5499,1.1139297485351562,,
1,5549,1.3717117309570312,,
1,5599,1.514984130859375,,
1,5649,1.8624343872070312,,
1,5699,1.4385080337524414,,
1,5749,1.64990234375,,
1,5799,1.0569114685058594,,
1,5849,0.9339981079101562,,
1,5899,1.267796516418457,,
1,5949,1.6156158447265625,,
1,5999,1.646484375,,
1,6049,1.3969268798828125,,
1,6099,1.2610149383544922,,
1,6149,2.12432861328125,,
1,6199,0.9552173614501953,,
1,6249,1.7799072265625,,
1,6299,1.471719741821289,,
1,6349,1.079050064086914,,
1,6399,1.4446563720703125,,
1,6449,1.5131454467773438,,
1,6499,1.0641202926635742,,
1,6549,0.6169500350952148,,
1,6599,0.9861392974853516,,
1,6649,1.446925163269043,,
1,6699,1.65985107421875,,
1,6749,0.5061197280883789,,
1,6799,1.2622871398925781,,
1,6849,1.492431640625,,
1,6899,1.2149658203125,,
1,6949,1.2732429504394531,,
1,6999,1.3344473838806152,,
1,7049,0.9559335708618164,,
1,7099,1.3233795166015625,,
1,7149,1.4055328369140625,,
1,7199,1.1008796691894531,,
1,7249,1.445831298828125,,
1,7299,0.7868824005126953,,
1,7349,1.5819711685180664,,
1,7399,1.8487548828125,,
1,7449,1.393218994140625,,
1,7499,0.6830387115478516,,
1,7549,1.4577631950378418,,
1,7599,1.6163330078125,,
1,7649,1.72283935546875,,
1,7699,1.51904296875,,
1,7749,1.20086669921875,,
1,7799,2.179168701171875,,
1,7849,1.063532829284668,,
1,7865,,0.505943775177002,1.2810685634613037
2,7899,1.114156723022461,,
2,7949,1.536501407623291,,
2,7999,1.7509765625,,
2,8049,1.1145477294921875,,
2,8099,1.5809597969055176,,
2,8149,1.6509323120117188,,
2,8199,1.1334381103515625,,
2,8249,1.456411361694336,,
2,8299,1.8549799919128418,,
2,8349,1.072646141052246,,
2,8399,1.2279720306396484,,
2,8449,1.2881927490234375,,
2,8499,1.5002326965332031,,
2,8549,1.5314044952392578,,
2,8599,0.824772834777832,,
2,8649,1.0268521308898926,,
2,8699,1.4067163467407227,,
2,8749,1.258575439453125,,
2,8799,1.0101985931396484,,
2,8849,1.358184814453125,,
2,8899,1.31036376953125,,
2,8949,1.2425146102905273,,
2,8999,1.903214454650879,,
2,9049,1.69329833984375,,
2,9099,1.9759521484375,,
2,9149,1.2724380493164062,,
2,9199,1.2562313079833984,,
2,9249,0.9518342018127441,,
2,9299,1.2969779968261719,,
2,9349,0.7386093139648438,,
2,9399,1.1714739799499512,,
2,9449,0.9073710441589355,,
2,9499,1.0838623046875,,
2,9549,1.5536890029907227,,
2,9599,0.9962139129638672,,
2,9649,1.474517822265625,,
2,9699,0.6086602210998535,,
2,9749,1.0243453979492188,,
2,9799,0.7770366668701172,,
2,9849,1.1770439147949219,,
2,9899,0.8957500457763672,,
2,9949,1.154005527496338,,
2,9999,1.0421113967895508,,
2,10049,0.48525142669677734,,
2,10099,1.3694381713867188,,
2,10149,0.8229265213012695,,
2,10199,1.533151626586914,,
2,10249,1.2182550430297852,,
2,10299,1.546722412109375,,
2,10349,1.0868110656738281,,
2,10399,1.1818313598632812,,
2,10449,0.9897065162658691,,
2,10499,1.2501983642578125,,
2,10549,1.5561962127685547,,
2,10599,0.7288241386413574,,
2,10649,1.3722343444824219,,
2,10699,1.1083855628967285,,
2,10749,1.2881441116333008,,
2,10799,1.3556513786315918,,
2,10849,1.834686279296875,,
2,10899,1.147995948791504,,
2,10949,1.0114099979400635,,
2,10999,1.690519094467163,,
2,11049,1.233436107635498,,
2,11099,1.182802677154541,,
2,11149,0.43733930587768555,,
2,11199,1.2140693664550781,,
2,11249,0.9890320301055908,,
2,11299,1.348602294921875,,
2,11349,0.7282752990722656,,
2,11399,1.0803890228271484,,
2,11449,1.1638455390930176,,
2,11499,0.6480197906494141,,
2,11549,1.175389289855957,,
2,11599,1.0310940742492676,,
2,11649,1.663914680480957,,
2,11699,1.5414352416992188,,
2,11749,1.6600990295410156,,
2,11798,,0.569884717464447,1.1747478246688843
3,11799,1.1138381958007812,,
3,11849,0.8821640014648438,,
3,11899,1.3326339721679688,,
3,11949,1.0525665283203125,,
3,11999,1.0418920516967773,,
3,12049,1.1598548889160156,,
3,12099,1.110595703125,,
3,12149,0.9438095092773438,,
3,12199,1.5094883441925049,,
3,12249,1.1149215698242188,,
3,12299,0.7192478179931641,,
3,12349,1.270599365234375,,
3,12399,1.5987110137939453,,
3,12449,0.8286914825439453,,
3,12499,0.931084394454956,,
3,12549,0.5809357166290283,,
3,12599,1.2639145851135254,,
3,12649,0.4086284637451172,,
3,12699,1.032247543334961,,
3,12749,0.8442654609680176,,
3,12799,0.9671833515167236,,
3,12849,0.7654633522033691,,
3,12899,0.7687358856201172,,
3,12949,1.010406494140625,,
3,12999,0.7430400848388672,,
3,13049,0.9523248672485352,,
3,13099,1.0324788093566895,,
3,13149,1.0904903411865234,,
3,13199,1.2244873046875,,
3,13249,0.91259765625,,
3,13299,0.6295928955078125,,
3,13349,0.9959802627563477,,
3,13399,1.159454345703125,,
3,13449,0.6921334266662598,,
3,13499,1.1442947387695312,,
3,13549,1.0291748046875,,
3,13599,0.709414005279541,,
3,13649,0.7834858894348145,,
3,13699,1.090766429901123,,
3,13749,0.8230149745941162,,
3,13799,0.87386155128479,,
3,13849,1.1060876846313477,,
3,13899,0.8666872978210449,,
3,13949,0.8976268768310547,,
3,13999,0.9417109489440918,,
3,14049,1.1626439094543457,,
3,14099,1.217660903930664,,
3,14149,0.8619251251220703,,
3,14199,1.188232421875,,
3,14249,1.1754071712493896,,
3,14299,0.6947565078735352,,
3,14349,0.8095570802688599,,
3,14399,0.5068097114562988,,
3,14449,1.3831545114517212,,
3,14499,0.7384347915649414,,
3,14549,1.1663742065429688,,
3,14599,0.6557064056396484,,
3,14649,0.9781742095947266,,
3,14699,0.67559814453125,,
3,14749,0.879067063331604,,
3,14799,0.5710201263427734,,
3,14849,1.6817965507507324,,
3,14899,1.14947509765625,,
3,14949,1.272552490234375,,
3,14999,0.7259969711303711,,
3,15049,1.3532180786132812,,
3,15099,1.0637283325195312,,
3,15149,0.6465930938720703,,
3,15199,1.144186019897461,,
3,15249,0.4963092803955078,,
3,15299,0.89312744140625,,
3,15349,0.7076730728149414,,
3,15399,0.9828857183456421,,
3,15449,0.8123444318771362,,
3,15499,0.608782172203064,,
3,15549,0.8409981727600098,,
3,15599,1.621246337890625,,
3,15649,0.9214706420898438,,
3,15699,1.7989578247070312,,
3,15731,,0.6201369166374207,1.0459474325180054
4,15749,0.9191873073577881,,
4,15799,0.6188316345214844,,
4,15849,0.976776123046875,,
4,15899,1.6045117378234863,,
4,15949,1.086951732635498,,
4,15999,0.8209536075592041,,
4,16049,0.30715084075927734,,
4,16099,1.166494369506836,,
4,16149,0.388230562210083,,
4,16199,0.4778320789337158,,
4,16249,0.4700288772583008,,
4,16299,0.2358379364013672,,
4,16349,0.5693378448486328,,
4,16399,1.4943493604660034,,
4,16449,0.9612236022949219,,
4,16499,0.37558436393737793,,
4,16549,0.3093448877334595,,
4,16599,0.961212158203125,,
4,16649,0.5361713171005249,,
4,16699,0.5317040681838989,,
4,16749,0.5863595008850098,,
4,16799,1.2477178573608398,,
4,16849,0.5530109405517578,,
4,16899,0.5666190385818481,,
4,16949,1.2519642114639282,,
4,16999,1.278944730758667,,
4,17049,0.4513978958129883,,
4,17099,0.8499239087104797,,
4,17149,1.151582956314087,,
4,17199,0.9946941137313843,,
4,17249,1.402130126953125,,
4,17299,0.819063663482666,,
4,17349,0.5375566482543945,,
4,17399,1.1476974487304688,,
4,17449,0.5630461573600769,,
4,17499,0.8752379417419434,,
4,17549,1.036163330078125,,
4,17599,0.8219718933105469,,
4,17649,0.5560073852539062,,
4,17699,0.5153389573097229,,
4,17749,0.6082658171653748,,
4,17799,1.7589111328125,,
4,17849,0.48278331756591797,,
4,17899,0.6425584554672241,,
4,17949,1.166172981262207,,
4,17999,0.4313591718673706,,
4,18049,0.7352118492126465,,
4,18099,0.8821365833282471,,
4,18149,1.4880294799804688,,
4,18199,1.1541213989257812,,
4,18249,1.1663432121276855,,
4,18299,0.9034957885742188,,
4,18349,0.7387657165527344,,
4,18399,1.348581314086914,,
4,18449,0.8556739091873169,,
4,18499,1.1401355266571045,,
4,18549,0.7439508438110352,,
4,18599,0.7848962545394897,,
4,18649,0.4084913730621338,,
4,18699,0.6830581426620483,,
4,18749,0.5915486812591553,,
4,18799,1.238851547241211,,
4,18849,0.7210490703582764,,
4,18899,0.5849130153656006,,
4,18949,0.607879638671875,,
4,18999,0.3211512565612793,,
4,19049,0.7032852172851562,,
4,19099,0.8640417456626892,,
4,19149,0.22508883476257324,,
4,19199,1.0297045707702637,,
4,19249,1.1994776725769043,,
4,19299,0.929151713848114,,
4,19349,0.50250244140625,,
4,19399,1.139596700668335,,
4,19449,0.7480049133300781,,
4,19499,0.742217481136322,,
4,19549,0.6490478515625,,
4,19599,1.3629016876220703,,
4,19649,0.434654176235199,,
4,19664,,0.6783141493797302,0.9006277322769165
5,19699,0.1204269528388977,,
5,19749,0.7913475036621094,,
5,19799,0.5556638836860657,,
5,19849,0.3383345603942871,,
5,19899,0.20937347412109375,,
5,19949,0.8244705200195312,,
5,19999,0.5760334730148315,,
5,20049,0.48332834243774414,,
5,20099,1.140927791595459,,
5,20149,0.7921943664550781,,
5,20199,1.1965428590774536,,
5,20249,0.5662609338760376,,
5,20299,0.2920958995819092,,
5,20349,0.8850283622741699,,
5,20399,0.9619002342224121,,
5,20449,0.515648365020752,,
5,20499,0.8189582824707031,,
5,20549,0.6327362060546875,,
5,20599,0.24182558059692383,,
5,20649,0.9093713760375977,,
5,20699,1.2901630401611328,,
5,20749,0.5139528512954712,,
5,20799,1.1216468811035156,,
5,20849,0.8162978887557983,,
5,20899,0.6548532247543335,,
5,20949,0.9974654316902161,,
5,20999,0.12901580333709717,,
5,21049,0.5026670098304749,,
5,21099,0.8482345342636108,,
5,21149,0.3769034743309021,,
5,21199,0.6612582206726074,,
5,21249,0.5759193897247314,,
5,21299,0.7453618049621582,,
5,21349,0.24056541919708252,,
5,21399,0.5236003994941711,,
5,21449,0.5013506412506104,,
5,21499,0.9108059406280518,,
5,21549,0.6246986389160156,,
5,21599,0.34342876076698303,,
5,21649,0.5351762771606445,,
5,21699,0.7950501441955566,,
5,21749,0.39839673042297363,,
5,21799,0.29964518547058105,,
5,21849,0.6086876392364502,,
5,21899,0.670562744140625,,
5,21949,0.8905327320098877,,
5,21999,0.978310763835907,,
5,22049,0.6693415641784668,,
5,22099,0.7534507513046265,,
5,22149,1.4164657592773438,,
5,22199,0.796168327331543,,
5,22249,0.44404125213623047,,
5,22299,0.24915647506713867,,
5,22349,0.5691834092140198,,
5,22399,0.5313913226127625,,
5,22449,0.22529220581054688,,
5,22499,0.60101318359375,,
5,22549,1.4813604354858398,,
5,22599,0.3204190731048584,,
5,22649,0.467653751373291,,
5,22699,0.3258378505706787,,
5,22749,0.3141595125198364,,
5,22799,0.8561620712280273,,
5,22849,0.637048602104187,,
5,22899,0.6294090747833252,,
5,22949,0.7409310936927795,,
5,22999,0.12988126277923584,,
5,23049,0.8073627352714539,,
5,23099,0.28939247131347656,,
5,23149,0.3251986503601074,,
5,23199,0.2516658306121826,,
5,23249,1.1465543508529663,,
5,23299,0.3915789723396301,,
5,23349,1.5808258056640625,,
5,23399,0.6859489679336548,,
5,23449,0.9401674270629883,,
5,23499,0.49355125427246094,,
5,23549,0.6583046913146973,,
5,23597,,0.7644092440605164,0.7097775936126709
6,23599,1.1189327239990234,,
6,23649,0.40463536977767944,,
6,23699,0.23072278499603271,,
6,23749,0.2892075777053833,,
6,23799,0.24423342943191528,,
6,23849,1.6685080528259277,,
6,23899,0.5626730918884277,,
6,23949,0.481959730386734,,
6,23999,0.20183181762695312,,
6,24049,0.5492324829101562,,
6,24099,0.3174319863319397,,
6,24149,0.9340881705284119,,
6,24199,0.8195936679840088,,
6,24249,0.8733887672424316,,
6,24299,0.5329092144966125,,
6,24349,0.5381698608398438,,
6,24399,0.09002256393432617,,
6,24449,0.4574546813964844,,
6,24499,1.331063151359558,,
6,24549,1.0316104888916016,,
6,24599,0.6331719160079956,,
6,24649,0.3547697067260742,,
6,24699,0.2763640582561493,,
6,24749,0.6158113479614258,,
6,24799,0.46925199031829834,,
6,24849,0.09976491332054138,,
6,24899,0.04925274848937988,,
6,24949,0.8114705085754395,,
6,24999,0.02258843183517456,,
6,25049,0.5316963195800781,,
6,25099,0.2488599419593811,,
6,25149,0.805249810218811,,
6,25199,0.3640522062778473,,
6,25249,0.13481217622756958,,
6,25299,0.4012998938560486,,
6,25349,0.20934319496154785,,
6,25399,0.7646690607070923,,
6,25449,0.4334089756011963,,
6,25499,0.5055629014968872,,
6,25549,0.5920724272727966,,
6,25599,0.22802519798278809,,
6,25649,0.3787161111831665,,
6,25699,1.498421311378479,,
6,25749,0.21166455745697021,,
6,25799,0.47787564992904663,,
6,25849,0.2255859375,,
6,25899,0.7422242164611816,,
6,25949,0.652114987373352,,
6,25999,0.2199563980102539,,
6,26049,0.27190935611724854,,
6,26099,0.11619910597801208,,
6,26149,0.6419821977615356,,
6,26199,0.3268277645111084,,
6,26249,0.6123670339584351,,
6,26299,0.3331047296524048,,
6,26349,0.2835925221443176,,
6,26399,0.22419202327728271,,
6,26449,0.7127795219421387,,
6,26499,0.27822399139404297,,
6,26549,0.5816154479980469,,
6,26599,0.22800469398498535,,
6,26649,0.13490882515907288,,
6,26699,0.3443601131439209,,
6,26749,0.06954172253608704,,
6,26799,0.5710382461547852,,
6,26849,0.05711865425109863,,
6,26899,1.3640053272247314,,
6,26949,0.30892467498779297,,
6,26999,0.3700714707374573,,
6,27049,0.23318111896514893,,
6,27099,0.677039623260498,,
6,27149,0.8272829055786133,,
6,27199,0.9824295043945312,,
6,27249,0.24954922497272491,,
6,27299,0.042489707469940186,,
6,27349,0.2531205415725708,,
6,27399,0.24700069427490234,,
6,27449,0.1544879525899887,,
6,27499,0.5438721179962158,,
6,27530,,0.8139409422874451,0.5774517059326172
7,27549,1.0481905937194824,,
7,27599,0.05886554718017578,,
7,27649,0.39615070819854736,,
7,27699,0.1898522973060608,,
7,27749,0.19017553329467773,,
7,27799,0.27887701988220215,,
7,27849,0.13698863983154297,,
7,27899,0.4272749423980713,,
7,27949,0.05131089687347412,,
7,27999,0.19018089771270752,,
7,28049,0.2851928472518921,,
7,28099,0.3470393419265747,,
7,28149,0.27356675267219543,,
7,28199,0.48696184158325195,,
7,28249,0.350382924079895,,
7,28299,0.66001957654953,,
7,28349,0.20169252157211304,,
7,28399,0.2683112621307373,,
7,28449,0.3893042802810669,,
7,28499,0.10991403460502625,,
7,28549,0.6165390014648438,,
7,28599,0.8627533912658691,,
7,28649,0.5927543640136719,,
7,28699,0.7601122856140137,,
7,28749,0.5811758041381836,,
7,28799,0.6906904578208923,,
7,28849,0.5787062644958496,,
7,28899,0.049174144864082336,,
7,28949,0.6353130340576172,,
7,28999,0.5682439804077148,,
7,29049,0.21922263503074646,,
7,29099,0.40295469760894775,,
7,29149,0.3083229064941406,,
7,29199,0.09686732292175293,,
7,29249,1.939117431640625,,
7,29299,0.2706555128097534,,
7,29349,0.5523796081542969,,
7,29399,0.014502659440040588,,
7,29449,0.41790837049484253,,
7,29499,0.32415223121643066,,
7,29549,0.33737659454345703,,
7,29599,0.04419499635696411,,
7,29649,0.10787233710289001,,
7,29699,0.17197895050048828,,
7,29749,0.08545827865600586,,
7,29799,0.03325849771499634,,
7,29849,0.264728307723999,,
7,29899,0.10519415140151978,,
7,29949,0.17436565458774567,,
7,29999,0.030103683471679688,,
7,30049,0.6204900145530701,,
7,30099,0.13662004470825195,,
7,30149,0.5725812911987305,,
7,30199,0.06321986019611359,,
7,30249,0.9334321022033691,,
7,30299,0.09318947792053223,,
7,30349,0.048786312341690063,,
7,30399,0.16332636773586273,,
7,30449,0.4990454912185669,,
7,30499,0.4681432247161865,,
7,30549,0.15008068084716797,,
7,30599,0.08988428115844727,,
7,30649,0.2629210352897644,,
7,30699,0.4878568649291992,,
7,30749,0.17699402570724487,,
7,30799,0.44782334566116333,,
7,30849,0.17514848709106445,,
7,30899,0.405484676361084,,
7,30949,0.2518156170845032,,
7,30999,0.07711955904960632,,
7,31049,0.03884975612163544,,
7,31099,0.5847888588905334,,
7,31149,0.5513947010040283,,
7,31199,0.20922288298606873,,
7,31249,0.10114911198616028,,
7,31299,0.10609936714172363,,
7,31349,0.5525451302528381,,
7,31399,0.19276905059814453,,
7,31449,1.195017695426941,,
7,31463,,0.8488832712173462,0.48414406180381775
8,31499,0.24037235975265503,,
8,31549,0.452551007270813,,
8,31599,0.6766910552978516,,
8,31649,0.17431673407554626,,
8,31699,0.3011552393436432,,
8,31749,0.04090380668640137,,
8,31799,0.10887694358825684,,
8,31849,0.17616605758666992,,
8,31899,0.31781619787216187,,
8,31949,0.32405325770378113,,
8,31999,0.7856698036193848,,
8,32049,0.2129611223936081,,
8,32099,0.061213791370391846,,
8,32149,0.45562461018562317,,
8,32199,0.17572021484375,,
8,32249,0.2353215217590332,,
8,32299,0.2535187005996704,,
8,32349,0.7305747270584106,,
8,32399,0.02485966682434082,,
8,32449,1.2274279594421387,,
8,32499,0.33202195167541504,,
8,32549,0.015528678894042969,,
8,32599,0.09175142645835876,,
8,32649,0.558137059211731,,
8,32699,0.09336316585540771,,
8,32749,0.10479480028152466,,
8,32799,0.473326176404953,,
8,32849,0.3743084669113159,,
8,32899,1.1394579410552979,,
8,32949,0.2122131586074829,,
8,32999,0.26403284072875977,,
8,33049,0.4419403076171875,,
8,33099,0.09806495904922485,,
8,33149,0.30354297161102295,,
8,33199,0.37568235397338867,,
8,33249,0.04835081100463867,,
8,33299,0.19629281759262085,,
8,33349,0.774803876876831,,
8,33399,0.021693944931030273,,
8,33449,0.08276490867137909,,
8,33499,0.0816417783498764,,
8,33549,0.505756139755249,,
8,33599,0.5247965455055237,,
8,33649,0.11139288544654846,,
8,33699,0.04384368658065796,,
8,33749,0.1898241937160492,,
8,33799,0.03272804617881775,,
8,33849,0.7371276021003723,,
8,33899,0.5028142929077148,,
8,33949,0.5697736740112305,,
8,33999,0.1785212755203247,,
8,34049,0.22247910499572754,,
8,34099,0.07704436779022217,,
8,34149,0.034835755825042725,,
8,34199,0.035684093832969666,,
8,34249,0.010299623012542725,,
8,34299,0.11260294914245605,,
8,34349,0.0744924247264862,,
8,34399,0.11287939548492432,,
8,34449,0.6753072738647461,,
8,34499,1.0087906122207642,,
8,34549,0.4330230951309204,,
8,34599,0.318379282951355,,
8,34649,1.6363823413848877,,
8,34699,0.05690765380859375,,
8,34749,0.14317941665649414,,
8,34799,0.021750062704086304,,
8,34849,0.05847078561782837,,
8,34899,0.7166782021522522,,
8,34949,0.0930446982383728,,
8,34999,0.3977101445198059,,
8,35049,0.044542133808135986,,
8,35099,0.0725393295288086,,
8,35149,0.1915856897830963,,
8,35199,0.18804243206977844,,
8,35249,0.25482892990112305,,
8,35299,0.08014100790023804,,
8,35349,0.8316631317138672,,
8,35396,,0.8791426420211792,0.38270705938339233
9,35399,0.6107679009437561,,
9,35449,0.062142252922058105,,
9,35499,0.03657528758049011,,
9,35549,0.15602529048919678,,
9,35599,0.17055997252464294,,
9,35649,0.04103350639343262,,
9,35699,0.03174653649330139,,
9,35749,0.07024504244327545,,
9,35799,0.5489802360534668,,
9,35849,0.014310896396636963,,
9,35899,0.19773444533348083,,
9,35949,0.0551304966211319,,
9,35999,0.10305878520011902,,
9,36049,0.17963755130767822,,
9,36099,0.017610445618629456,,
9,36149,0.20357680320739746,,
9,36199,0.8631176948547363,,
9,36249,1.3926597833633423,,
9,36299,0.2688113749027252,,
9,36349,0.0123080313205719,,
9,36399,0.1045452356338501,,
9,36449,0.03514543175697327,,
9,36499,0.023210763931274414,,
9,36549,0.4454301595687866,,
9,36599,0.9183893203735352,,
9,36649,0.5563682317733765,,
9,36699,0.012616544961929321,,
9,36749,0.17149105668067932,,
9,36799,0.022342264652252197,,
9,36849,0.047143906354904175,,
9,36899,0.06393548846244812,,
9,36949,0.047773122787475586,,
9,36999,0.029102295637130737,,
9,37049,0.17754140496253967,,
9,37099,0.08126743137836456,,
9,37149,0.05012957751750946,,
9,37199,0.5309703350067139,,
9,37249,0.03377145528793335,,
9,37299,0.030124366283416748,,
9,37349,0.03011225163936615,,
9,37399,0.9009389877319336,,
9,37449,0.20341980457305908,,
9,37499,0.01897132396697998,,
9,37549,0.034093424677848816,,
9,37599,0.22157591581344604,,
9,37649,0.0816231369972229,,
9,37699,0.3409337103366852,,
9,37749,0.05417895317077637,,
9,37799,0.06749653816223145,,
9,37849,0.1450846791267395,,
9,37899,0.22142376005649567,,
9,37949,0.0170174241065979,,
9,37999,0.004451662302017212,,
9,38049,0.4172120988368988,,
9,38099,0.048854634165763855,,
9,38149,0.0507807731628418,,
9,38199,0.005322366952896118,,
9,38249,0.10010696947574615,,
9,38299,0.5711513757705688,,
9,38349,0.023728176951408386,,
9,38399,0.03383682668209076,,
9,38449,0.13863849639892578,,
9,38499,0.515741229057312,,
9,38549,0.08884336054325104,,
9,38599,0.1627456545829773,,
9,38649,0.09775915741920471,,
9,38699,0.3636511564254761,,
9,38749,0.05821198225021362,,
9,38799,0.30271396040916443,,
9,38849,0.06249058246612549,,
9,38899,0.4847990572452545,,
9,38949,0.09579387307167053,,
9,38999,0.40921956300735474,,
9,39049,0.08965110778808594,,
9,39099,0.18315188586711884,,
9,39149,0.0399051159620285,,
9,39199,0.2679099440574646,,
9,39249,0.218296080827713,,
9,39299,0.11124549806118011,,
9,39329,,0.9063400626182556,0.3186870813369751
10,39349,0.20032155513763428,,
10,39399,0.18131273984909058,,
10,39449,0.051528528332710266,,
10,39499,0.24412351846694946,,
10,39549,0.09385406970977783,,
10,39599,0.037973031401634216,,
10,39649,0.12195044755935669,,
10,39699,0.16172531247138977,,
10,39749,0.0026039928197860718,,
10,39799,0.02538740634918213,,
10,39849,0.012502163648605347,,
10,39899,0.03304845094680786,,
10,39949,0.10799217224121094,,
10,39999,0.019939109683036804,,
10,40049,0.05246312916278839,,
10,40099,0.22865378856658936,,
10,40149,0.8116199970245361,,
10,40199,0.4334566295146942,,
10,40249,0.023425817489624023,,
10,40299,0.07383443415164948,,
10,40349,0.1393325924873352,,
10,40399,0.05993783473968506,,
10,40449,0.006512269377708435,,
10,40499,0.35891109704971313,,
10,40549,0.021223068237304688,,
10,40599,0.938997745513916,,
10,40649,0.015566825866699219,,
10,40699,0.06065888702869415,,
10,40749,0.01111745834350586,,
10,40799,0.09865462779998779,,
10,40849,0.4038882255554199,,
10,40899,0.009487152099609375,,
10,40949,0.0117301344871521,,
10,40999,0.9331703186035156,,
10,41049,0.23478609323501587,,
10,41099,0.03259804844856262,,
10,41149,0.01638084650039673,,
10,41199,0.04199013113975525,,
10,41249,0.6851632595062256,,
10,41299,0.016241371631622314,,
10,41349,0.5054402947425842,,
10,41399,0.3390542268753052,,
10,41449,0.06650274991989136,,
10,41499,0.1521463394165039,,
10,41549,0.26834142208099365,,
10,41599,0.04817843437194824,,
10,41649,0.05852547287940979,,
10,41699,0.03121541440486908,,
10,41749,0.11651670932769775,,
10,41799,0.009967982769012451,,
10,41849,0.9844374060630798,,
10,41899,0.3227224349975586,,
10,41949,0.1522926390171051,,
10,41999,0.01911228895187378,,
10,42049,0.05048413574695587,,
10,42099,0.22948956489562988,,
10,42149,0.010399684309959412,,
10,42199,0.5227826237678528,,
10,42249,0.17583481967449188,,
10,42299,0.570214569568634,,
10,42349,0.18109190464019775,,
10,42399,0.014444947242736816,,
10,42449,0.006576940417289734,,
10,42499,0.03917849063873291,,
10,42549,0.04617126286029816,,
10,42599,1.6435415744781494,,
10,42649,0.044531404972076416,,
10,42699,0.025765925645828247,,
10,42749,0.050142526626586914,,
10,42799,0.25559255480766296,,
10,42849,0.11596433818340302,,
10,42899,0.29064130783081055,,
10,42949,0.28206074237823486,,
10,42999,0.005958259105682373,,
10,43049,0.050262451171875,,
10,43099,0.06408023834228516,,
10,43149,0.0080643892288208,,
10,43199,0.4410761594772339,,
10,43249,0.023453891277313232,,
10,43262,,0.9036383032798767,0.30770382285118103
11,43299,0.04102988541126251,,
11,43349,0.19596195220947266,,
11,43399,0.04085661470890045,,
11,43449,0.010725438594818115,,
11,43499,0.08331209421157837,,
11,43549,0.11001360416412354,,
11,43599,0.1779334545135498,,
11,43649,0.07147832214832306,,
11,43699,0.014721468091011047,,
11,43749,0.0076531171798706055,,
11,43799,0.045614808797836304,,
11,43849,0.006665095686912537,,
11,43899,0.018608003854751587,,
11,43949,0.07750797271728516,,
11,43999,0.21633213758468628,,
11,44049,0.0057596564292907715,,
11,44099,0.010783195495605469,,
11,44149,0.1386268138885498,,
11,44199,0.022914081811904907,,
11,44249,0.1208147406578064,,
11,44299,0.045587822794914246,,
11,44349,0.006119683384895325,,
11,44399,0.2768736481666565,,
11,44449,0.04530411958694458,,
11,44499,0.03169703483581543,,
11,44549,0.020107150077819824,,
11,44599,0.13220924139022827,,
11,44649,0.02273792028427124,,
11,44699,0.18339189887046814,,
11,44749,0.08430615067481995,,
11,44799,0.07032117247581482,,
11,44849,0.053467750549316406,,
11,44899,0.011266887187957764,,
11,44949,0.09374159574508667,,
11,44999,0.5496302247047424,,
11,45049,0.13705968856811523,,
11,45099,0.2058749496936798,,
11,45149,0.18479831516742706,,
11,45199,0.011696621775627136,,
11,45249,0.06066778302192688,,
11,45299,0.42313313484191895,,
11,45349,0.2862060070037842,,
11,45399,0.02940802276134491,,
11,45449,0.23816722631454468,,
11,45499,0.0189640074968338,,
11,45549,0.0998619943857193,,
11,45599,0.005339488387107849,,
11,45649,0.41249436140060425,,
11,45699,0.5002062320709229,,
11,45749,0.03301818668842316,,
11,45799,0.006558418273925781,,
11,45849,0.03174380958080292,,
11,45899,0.002007916569709778,,
11,45949,0.04637831449508667,,
11,45999,0.05978971719741821,,
11,46049,0.012348175048828125,,
11,46099,0.009617626667022705,,
11,46149,0.01509883999824524,,
11,46199,0.010793507099151611,,
11,46249,0.0389656126499176,,
11,46299,0.02262401580810547,,
11,46349,0.1540301889181137,,
11,46399,0.032826244831085205,,
11,46449,0.8343982100486755,,
11,46499,0.018211930990219116,,
11,46549,0.30514365434646606,,
11,46599,0.003884419798851013,,
11,46649,0.015637069940567017,,
11,46699,0.008881360292434692,,
11,46749,0.02578262984752655,,
11,46799,0.08539718389511108,,
11,46849,0.07438820600509644,,
11,46899,0.031615763902664185,,
11,46949,0.06532227993011475,,
11,46999,0.633884072303772,,
11,47049,0.13667666912078857,,
11,47099,0.32367050647735596,,
11,47149,0.09508189558982849,,
11,47195,,0.9135446548461914,0.28037258982658386
12,47199,0.06910353899002075,,
12,47249,0.042968571186065674,,
12,47299,0.03563046455383301,,
12,47349,0.05116379261016846,,
12,47399,0.02845551073551178,,
12,47449,0.002473488450050354,,
12,47499,0.039199814200401306,,
12,47549,0.013753890991210938,,
12,47599,0.007263898849487305,,
12,47649,0.05103932321071625,,
12,47699,0.018957480788230896,,
12,47749,0.012026429176330566,,
12,47799,0.03008955717086792,,
12,47849,0.003636687994003296,,
12,47899,0.4474930763244629,,
12,47949,0.18363435566425323,,
12,47999,0.5603696703910828,,
12,48049,0.1355763077735901,,
12,48099,0.04484529793262482,,
12,48149,0.12034237384796143,,
12,48199,0.40317434072494507,,
12,48249,0.08957743644714355,,
12,48299,0.006957128643989563,,
12,48349,0.012875363230705261,,
12,48399,0.3081587553024292,,
12,48449,0.12577617168426514,,
12,48499,0.02162054181098938,,
12,48549,0.06937587261199951,,
12,48599,0.028400897979736328,,
12,48649,0.017579734325408936,,
12,48699,0.003994300961494446,,
12,48749,0.6553748250007629,,
12,48799,0.059771060943603516,,
12,48849,0.006105303764343262,,
12,48899,0.39501771330833435,,
12,48949,0.3127492666244507,,
12,48999,0.005548000335693359,,
12,49049,0.039804503321647644,,
12,49099,0.021955370903015137,,
12,49149,0.048646509647369385,,
12,49199,0.036709263920784,,
12,49249,0.009767234325408936,,
12,49299,0.0273779034614563,,
12,49349,0.012957900762557983,,
12,49399,0.01515159010887146,,
12,49449,0.02617412805557251,,
12,49499,0.022004038095474243,,
12,49549,0.0608973503112793,,
12,49599,0.05108672380447388,,
12,49649,0.02105158567428589,,
12,49699,0.3861290216445923,,
12,49749,0.2591097950935364,,
12,49799,0.03880894184112549,,
12,49849,0.03136977553367615,,
12,49899,0.019555091857910156,,
12,49949,0.012620940804481506,,
12,49999,0.50406414270401,,
12,50049,0.06140981614589691,,
12,50099,0.17417660355567932,,
12,50149,0.01667790114879608,,
12,50199,0.012841105461120605,,
12,50249,0.028014585375785828,,
12,50299,0.011099591851234436,,
12,50349,0.027115508913993835,,
12,50399,0.30376818776130676,,
12,50449,0.04635609686374664,,
12,50499,0.10011932253837585,,
12,50549,0.01421809196472168,,
12,50599,0.00528302788734436,,
12,50649,0.20008842647075653,,
12,50699,0.08650234341621399,,
12,50749,0.09322769939899445,,
12,50799,0.6051134467124939,,
12,50849,0.07420864701271057,,
12,50899,0.014821797609329224,,
12,50949,0.014767125248908997,,
12,50999,0.023860067129135132,,
12,51049,0.016003146767616272,,
12,51099,0.1398295760154724,,
12,51128,,0.939481258392334,0.1963464319705963
13,51149,0.17040395736694336,,
13,51199,0.005094259977340698,,
13,51249,0.9056782126426697,,
13,51299,0.31147533655166626,,
13,51349,0.019898325204849243,,
13,51399,0.010164663195610046,,
13,51449,0.01166069507598877,,
13,51499,0.013832032680511475,,
13,51549,0.7517056465148926,,
13,51599,0.03647823631763458,,
13,51649,0.42763692140579224,,
13,51699,0.9417123198509216,,
13,51749,0.00748780369758606,,
13,51799,0.01070454716682434,,
13,51849,0.1711210459470749,,
13,51899,0.092047780752182,,
13,51949,0.014537066221237183,,
13,51999,0.0033095628023147583,,
13,52049,0.2547038793563843,,
13,52099,0.010385513305664062,,
13,52149,0.0035313069820404053,,
13,52199,0.01660105586051941,,
13,52249,0.006530582904815674,,
13,52299,0.004126191139221191,,
13,52349,0.004857093095779419,,
13,52399,0.05663001537322998,,
13,52449,0.3422356843948364,,
13,52499,0.057443827390670776,,
13,52549,0.006946727633476257,,
13,52599,0.10038493573665619,,
13,52649,0.0212785005569458,,
13,52699,0.023962587118148804,,
13,52749,0.0262986421585083,,
13,52799,0.014928728342056274,,
13,52849,0.5089821815490723,,
13,52899,0.042591243982315063,,
13,52949,0.004436001181602478,,
13,52999,0.027944743633270264,,
13,53049,0.08760243654251099,,
13,53099,0.00526958703994751,,
13,53149,0.016335085034370422,,
13,53199,0.011242836713790894,,
13,53249,0.0014469921588897705,,
13,53299,0.04653555154800415,,
13,53349,0.0038703083992004395,,
13,53399,0.007957592606544495,,
13,53449,0.03345903754234314,,
13,53499,0.11752280592918396,,
13,53549,0.054916396737098694,,
13,53599,0.4095924496650696,,
13,53649,0.14273782074451447,,
13,53699,0.044654279947280884,,
13,53749,0.04833973944187164,,
13,53799,0.2483052909374237,,
13,53849,0.28265058994293213,,
13,53899,0.015205413103103638,,
13,53949,0.11745414137840271,,
13,53999,0.48771244287490845,,
13,54049,0.2023252248764038,,
13,54099,0.002997562289237976,,
13,54149,0.06016260385513306,,
13,54199,0.004004195332527161,,
13,54249,0.028982877731323242,,
13,54299,0.030093908309936523,,
13,54349,0.05513632297515869,,
13,54399,0.06926637887954712,,
13,54449,0.01619654893875122,,
13,54499,0.1332138329744339,,
13,54549,0.003590211272239685,,
13,54599,0.008129462599754333,,
13,54649,0.01336488127708435,,
13,54699,0.013023138046264648,,
13,54749,0.0690339058637619,,
13,54799,0.039645999670028687,,
13,54849,0.00702938437461853,,
13,54899,0.27987945079803467,,
13,54949,0.005564510822296143,,
13,54999,0.011717259883880615,,
13,55049,1.0052295923233032,,
13,55061,,0.9411023259162903,0.19557484984397888
14,55099,0.03434896469116211,,
14,55149,0.01265135407447815,,
14,55199,0.22714002430438995,,
14,55249,0.18722482025623322,,
14,55299,0.0025416910648345947,,
14,55349,0.195883646607399,,
14,55399,0.001683250069618225,,
14,55449,0.007228672504425049,,
14,55499,0.003248259425163269,,
14,55549,0.13245171308517456,,
14,55599,1.3423068523406982,,
14,55649,0.009133577346801758,,
14,55699,0.033790528774261475,,
14,55749,0.0050245970487594604,,
14,55799,0.008177399635314941,,
14,55849,0.14666514098644257,,
14,55899,0.003397524356842041,,
14,55949,0.37088504433631897,,
14,55999,0.005477055907249451,,
14,56049,0.016893625259399414,,
14,56099,0.32702356576919556,,
14,56149,0.018183350563049316,,
14,56199,0.09824353456497192,,
14,56249,0.012733086943626404,,
14,56299,0.0006700456142425537,,
14,56349,0.0073833167552948,,
14,56399,0.5022193789482117,,
14,56449,0.030479758977890015,,
14,56499,0.00967620313167572,,
14,56549,0.23357906937599182,,
14,56599,0.2819136381149292,,
14,56649,0.002597212791442871,,
14,56699,0.022694885730743408,,
14,56749,0.06799483299255371,,
14,56799,0.05314943194389343,,
14,56849,0.016743212938308716,,
14,56899,0.8040120005607605,,
14,56949,0.002303183078765869,,
14,56999,0.08479674160480499,,
14,57049,0.0354129821062088,,
14,57099,0.014090821146965027,,
14,57149,0.014018803834915161,,
14,57199,0.04259873926639557,,
14,57249,0.0013975352048873901,,
14,57299,0.262575626373291,,
14,57349,0.0012424439191818237,,
14,57399,0.029301390051841736,,
14,57449,0.22220420837402344,,
14,57499,0.003410905599594116,,
14,57549,0.0025064945220947266,,
14,57599,0.01930898427963257,,
14,57649,0.01764965057373047,,
14,57699,0.005527377128601074,,
14,57749,0.007625862956047058,,
14,57799,0.00883820652961731,,
14,57849,0.011596083641052246,,
14,57899,0.004970118403434753,,
14,57949,0.013196602463722229,,
14,57999,0.30455082654953003,,
14,58049,0.014399439096450806,,
14,58099,0.014963522553443909,,
14,58149,0.0049603283405303955,,
14,58199,0.48091286420822144,,
14,58249,0.766613781452179,,
14,58299,0.004867181181907654,,
14,58349,0.005861565470695496,,
14,58399,0.21989375352859497,,
14,58449,0.15796755254268646,,
14,58499,0.10101516544818878,,
14,58549,0.10318677127361298,,
14,58599,0.07572956383228302,,
14,58649,0.22381174564361572,,
14,58699,0.06514695286750793,,
14,58749,0.0018856674432754517,,
14,58799,0.01933133602142334,,
14,58849,0.006249740719795227,,
14,58899,0.06602253019809723,,
14,58949,0.2256506234407425,,
14,58994,,0.9423630833625793,0.1803993433713913
15,58999,0.06846094131469727,,
15,59049,0.04036179184913635,,
15,59099,0.005586504936218262,,
15,59149,0.006121248006820679,,
15,59199,0.0047681331634521484,,
15,59249,0.016677170991897583,,
15,59299,0.0034098029136657715,,
15,59349,0.021869570016860962,,
15,59399,0.018459394574165344,,
15,59449,0.05978471040725708,,
15,59499,0.11243629455566406,,
15,59549,0.22057956457138062,,
15,59599,0.033338502049446106,,
15,59649,0.0054032206535339355,,
15,59699,0.15724392235279083,,
15,59749,0.06438350677490234,,
15,59799,0.0067492276430130005,,
15,59849,0.021466925740242004,,
15,59899,0.008576452732086182,,
15,59949,0.02120649814605713,,
15,59999,0.0006267577409744263,,
15,60049,0.06308582425117493,,
15,60099,0.49169009923934937,,
15,60149,0.030547678470611572,,
15,60199,0.007342323660850525,,
15,60249,0.1671752631664276,,
15,60299,0.02216513454914093,,
15,60349,0.04962991178035736,,
15,60399,0.010302513837814331,,
15,60449,0.00957430899143219,,
15,60499,0.0106496661901474,,
15,60549,0.01886892318725586,,
15,60599,0.035924509167671204,,
15,60649,0.023681968450546265,,
15,60699,0.002384856343269348,,
15,60749,0.02912178635597229,,
15,60799,0.0008757561445236206,,
15,60849,0.03484092652797699,,
15,60899,0.03547358512878418,,
15,60949,0.01913595199584961,,
15,60999,0.016617760062217712,,
15,61049,0.001518160104751587,,
15,61099,0.014698818325996399,,
15,61149,0.004736959934234619,,
15,61199,0.03002561628818512,,
15,61249,0.07773430645465851,,
15,61299,0.01861216127872467,,
15,61349,0.009021162986755371,,
15,61399,0.0009091347455978394,,
15,61449,0.053505390882492065,,
15,61499,0.002057671546936035,,
15,61549,0.00689186155796051,,
15,61599,0.005125805735588074,,
15,61649,0.42342185974121094,,
15,61699,0.0005158334970474243,,
15,61749,0.060382381081581116,,
15,61799,0.33244067430496216,,
15,61849,0.0013639181852340698,,
15,61899,0.12642982602119446,,
15,61949,0.12444643676280975,,
15,61999,0.12517662346363068,,
15,62049,0.017744138836860657,,
15,62099,0.5903264880180359,,
15,62149,0.1204717755317688,,
15,62199,0.19247713685035706,,
15,62249,0.003733113408088684,,
15,62299,0.01095801591873169,,
15,62349,0.0012273937463760376,,
15,62399,0.004698693752288818,,
15,62449,0.09905703365802765,,
15,62499,0.1266435980796814,,
15,62549,0.004766106605529785,,
15,62599,0.014580801129341125,,
15,62649,0.09744277596473694,,
15,62699,0.1079137921333313,,
15,62749,0.10174459218978882,,
15,62799,0.14095434546470642,,
15,62849,0.027604252099990845,,
15,62899,0.001086398959159851,,
15,62927,,0.9459654092788696,0.17121505737304688
16,62949,0.007644549012184143,,
16,62999,0.019948869943618774,,
16,63049,0.007171303033828735,,
16,63099,0.0010352134704589844,,
16,63149,0.02906845510005951,,
16,63199,0.004683762788772583,,
16,63249,0.0021267980337142944,,
16,63299,0.0027522146701812744,,
16,63349,0.2527473568916321,,
16,63399,0.01876610517501831,,
16,63449,0.032398074865341187,,
16,63499,0.0042427778244018555,,
16,63549,0.6772365570068359,,
16,63599,0.003328964114189148,,
16,63649,0.006481200456619263,,
16,63699,0.16915270686149597,,
16,63749,0.09063851833343506,,
16,63799,0.010068818926811218,,
16,63849,0.0026245862245559692,,
16,63899,0.5253925323486328,,
16,63949,0.054238542914390564,,
16,63999,0.05940645933151245,,
16,64049,0.004474639892578125,,
16,64099,0.1846015453338623,,
16,64149,0.2966368496417999,,
16,64199,0.01761612296104431,,
16,64249,0.003027617931365967,,
16,64299,0.21385332942008972,,
16,64349,0.026915132999420166,,
16,64399,0.0852041244506836,,
16,64449,0.6502047181129456,,
16,64499,0.016314923763275146,,
16,64549,0.0033711791038513184,,
16,64599,0.13762813806533813,,
16,64649,0.03730860352516174,,
16,64699,0.0061979740858078,,
16,64749,0.03420558571815491,,
16,64799,0.025242775678634644,,
16,64849,0.009200483560562134,,
16,64899,0.03701022267341614,,
16,64949,0.129730224609375,,
16,64999,0.026374727487564087,,
16,65049,0.0013795942068099976,,
16,65099,0.5027895569801331,,
16,65149,0.14276045560836792,,
16,65199,0.10568948090076447,,
16,65249,0.0027865320444107056,,
16,65299,0.3026450574398041,,
16,65349,0.04332834482192993,,
16,65399,0.05712918937206268,,
16,65449,0.003006875514984131,,
16,65499,0.005398944020271301,,
16,65549,0.0008001327514648438,,
16,65599,0.2738514542579651,,
16,65649,0.0010937005281448364,,
16,65699,0.08022487163543701,,
16,65749,0.0018336772918701172,,
16,65799,0.0023693740367889404,,
16,65849,0.0017323493957519531,,
16,65899,0.018628284335136414,,
16,65949,0.011379927396774292,,
16,65999,0.05384469032287598,,
16,66049,0.08964304625988007,,
16,66099,0.022557377815246582,,
16,66149,0.1688382774591446,,
16,66199,0.08749483525753021,,
16,66249,0.12236557900905609,,
16,66299,0.049454495310783386,,
16,66349,0.034770503640174866,,
16,66399,0.0688018798828125,,
16,66449,0.10537537932395935,,
16,66499,0.687890350818634,,
16,66549,0.021990522742271423,,
16,66599,0.3584219217300415,,
16,66649,0.0875835120677948,,
16,66699,0.007731497287750244,,
16,66749,0.10635961592197418,,
16,66799,0.0011231452226638794,,
16,66849,0.006192982196807861,,
16,66860,,0.9560518860816956,0.14261296391487122
17,66899,0.01898069679737091,,
17,66949,0.0790587067604065,,
17,66999,0.0016292482614517212,,
17,67049,0.0031286776065826416,,
17,67099,0.0254640132188797,,
17,67149,0.008774816989898682,,
17,67199,0.0031433403491973877,,
17,67249,0.003977343440055847,,
17,67299,0.016721099615097046,,
17,67349,0.0019070059061050415,,
17,67399,0.008485257625579834,,
17,67449,0.024300336837768555,,
17,67499,0.0072761476039886475,,
17,67549,0.021508798003196716,,
17,67599,0.028553590178489685,,
17,67649,0.004346758127212524,,
17,67699,0.004633128643035889,,
17,67749,0.0033142566680908203,,
17,67799,0.018725305795669556,,
17,67849,0.03456893563270569,,
17,67899,0.016096755862236023,,
17,67949,0.0024040937423706055,,
17,67999,0.06087478995323181,,
17,68049,0.010643258690834045,,
17,68099,0.006317406892776489,,
17,68149,0.0020628124475479126,,
17,68199,0.37320345640182495,,
17,68249,0.6302879452705383,,
17,68299,0.02378612756729126,,
17,68349,0.07030588388442993,,
17,68399,0.09462955594062805,,
17,68449,0.5350598096847534,,
17,68499,0.0008856207132339478,,
17,68549,0.021960511803627014,,
17,68599,0.0023008882999420166,,
17,68649,0.0948229432106018,,
17,68699,0.0047695934772491455,,
17,68749,0.001993805170059204,,
17,68799,0.004550814628601074,,
17,68849,0.0031435787677764893,,
17,68899,0.03716269135475159,,
17,68949,0.006887957453727722,,
17,68999,0.04220232367515564,,
17,69049,0.21739986538887024,,
17,69099,0.0065354108810424805,,
17,69149,0.003412991762161255,,
17,69199,0.10512399673461914,,
17,69249,0.0045320987701416016,,
17,69299,0.0188988596200943,,
17,69349,0.00535939633846283,,
17,69399,0.09843862056732178,,
17,69449,0.005457788705825806,,
17,69499,0.010974019765853882,,
17,69549,0.041199907660484314,,
17,69599,0.005408644676208496,,
17,69649,0.00261881947517395,,
17,69699,0.007074415683746338,,
17,69749,0.04846829175949097,,
17,69799,0.017130210995674133,,
17,69849,0.30328065156936646,,
17,69899,0.001718476414680481,,
17,69949,0.003664344549179077,,
17,69999,0.005631789565086365,,
17,70049,0.014965206384658813,,
17,70099,0.0021509379148483276,,
17,70149,0.0027419477701187134,,
17,70199,0.0008506476879119873,,
17,70249,0.0015889257192611694,,
17,70299,0.0060448795557022095,,
17,70349,0.2333783507347107,,
17,70399,0.16597314178943634,,
17,70449,0.007798969745635986,,
17,70499,0.014235883951187134,,
17,70549,0.23000161349773407,,
17,70599,0.5874742269515991,,
17,70649,0.007587820291519165,,
17,70699,0.055383965373039246,,
17,70749,0.0037349462509155273,,
17,70793,,0.9546109437942505,0.14268307387828827
18,70799,0.013139232993125916,,
18,70849,0.006514251232147217,,
18,70899,0.13055042922496796,,
18,70949,0.07779519259929657,,
18,70999,0.049767181277275085,,
18,71049,0.003241434693336487,,
18,71099,0.0005764365196228027,,
18,71149,0.004058748483657837,,
18,71199,0.2808394730091095,,
18,71249,0.005162715911865234,,
18,71299,0.00585232675075531,,
18,71349,0.20568466186523438,,
18,71399,0.015153825283050537,,
18,71449,0.0461999773979187,,
18,71499,0.011878728866577148,,
18,71549,0.020507216453552246,,
18,71599,0.19170300662517548,,
18,71649,0.0019847452640533447,,
18,71699,0.010725006461143494,,
18,71749,0.5041211843490601,,
18,71799,0.0021089017391204834,,
18,71849,0.03491787612438202,,
18,71899,0.3908367156982422,,
18,71949,0.035507529973983765,,
18,71999,0.13950952887535095,,
18,72049,0.005785092711448669,,
18,72099,0.017054647207260132,,
18,72149,0.015175968408584595,,
18,72199,0.005710691213607788,,
18,72249,0.010326176881790161,,
18,72299,0.004459857940673828,,
18,72349,0.1268804371356964,,
18,72399,0.022541359066963196,,
18,72449,0.09844869375228882,,
18,72499,0.0013642162084579468,,
18,72549,0.18143117427825928,,
18,72599,0.08785630762577057,,
18,72649,0.007549971342086792,,
18,72699,0.005119606852531433,,
18,72749,0.03776906430721283,,
18,72799,0.04471805691719055,,
18,72849,0.005370646715164185,,
18,72899,0.1501665711402893,,
18,72949,0.015113204717636108,,
18,72999,0.0076087117195129395,,
18,73049,0.0020623505115509033,,
18,73099,0.022387683391571045,,
18,73149,0.003770008683204651,,
18,73199,0.03181135654449463,,
18,73249,0.002645254135131836,,
18,73299,0.007162034511566162,,
18,73349,0.005613207817077637,,
18,73399,0.4589729309082031,,
18,73449,0.10567045211791992,,
18,73499,0.03650856018066406,,
18,73549,0.015069186687469482,,
18,73599,0.13286107778549194,,
18,73649,0.45499226450920105,,
18,73699,0.0014109313488006592,,
18,73749,0.008523285388946533,,
18,73799,0.027195945382118225,,
18,73849,0.03750237822532654,,
18,73899,0.004115194082260132,,
18,73949,0.058602288365364075,,
18,73999,0.0315016508102417,,
18,74049,0.0036987364292144775,,
18,74099,0.006633758544921875,,
18,74149,0.002984941005706787,,
18,74199,0.008312627673149109,,
18,74249,0.04264059662818909,,
18,74299,0.013531312346458435,,
18,74349,0.2581115961074829,,
18,74399,0.1328079104423523,,
18,74449,0.008309975266456604,,
18,74499,0.005055725574493408,,
18,74549,0.004184901714324951,,
18,74599,0.4947408139705658,,
18,74649,0.19025123119354248,,
18,74699,0.10704834759235382,,
18,74726,,0.9639769196510315,0.11844775825738907
19,74749,0.3494494557380676,,
19,74799,0.03766532242298126,,
19,74849,0.0038580745458602905,,
19,74899,0.0013198256492614746,,
19,74949,0.005655765533447266,,
19,74999,0.003764316439628601,,
19,75049,0.024609863758087158,,
19,75099,0.059322282671928406,,
19,75149,0.0015036910772323608,,
19,75199,0.00259968638420105,,
19,75249,0.0036318302154541016,,
19,75299,0.7538386583328247,,
19,75349,0.021013379096984863,,
19,75399,0.0006531625986099243,,
19,75449,0.007890269160270691,,
19,75499,0.0016946196556091309,,
19,75549,0.0013464689254760742,,
19,75599,0.03852127492427826,,
19,75649,0.0008026659488677979,,
19,75699,0.010659784078598022,,
19,75749,0.028992921113967896,,
19,75799,0.01662766933441162,,
19,75849,0.15463843941688538,,
19,75899,0.21682165563106537,,
19,75949,0.007788598537445068,,
19,75999,0.1254153996706009,,
19,76049,0.010902658104896545,,
19,76099,0.0006671100854873657,,
19,76149,0.013791397213935852,,
19,76199,0.09113937616348267,,
19,76249,0.004332438111305237,,
19,76299,0.00026901066303253174,,
19,76349,0.013765886425971985,,
19,76399,0.006477668881416321,,
19,76449,0.32567256689071655,,
19,76499,0.005097731947898865,,
19,76549,0.013670235872268677,,
19,76599,0.04291854798793793,,
19,76649,0.011556863784790039,,
19,76699,0.0004254579544067383,,
19,76749,0.5305367112159729,,
19,76799,0.1351599097251892,,
19,76849,0.28415966033935547,,
19,76899,0.005218297243118286,,
19,76949,0.479107141494751,,
19,76999,0.009969264268875122,,
19,77049,0.00752633810043335,,
19,77099,0.003265395760536194,,
19,77149,0.023592233657836914,,
19,77199,0.004133209586143494,,
19,77249,0.0015755891799926758,,
19,77299,0.10439522564411163,,
19,77349,0.09339997172355652,,
19,77399,0.01374654471874237,,
19,77449,0.0023691505193710327,,
19,77499,0.03165949881076813,,
19,77549,0.016960889101028442,,
19,77599,0.03858956694602966,,
19,77649,0.005232185125350952,,
19,77699,0.0050636231899261475,,
19,77749,0.41862085461616516,,
19,77799,0.0005029141902923584,,
19,77849,0.004277423024177551,,
19,77899,0.0009573251008987427,,
19,77949,0.0015759170055389404,,
19,77999,0.478904128074646,,
19,78049,0.0020583420991897583,,
19,78099,0.08842092752456665,,
19,78149,0.005295127630233765,,
19,78199,0.010513946413993835,,
19,78249,0.0010958760976791382,,
19,78299,0.03709481656551361,,
19,78349,0.0076215267181396484,,
19,78399,0.10249744355678558,,
19,78449,0.0009418874979019165,,
19,78499,0.08662921190261841,,
19,78549,0.005678579211235046,,
19,78599,0.04874758422374725,,
19,78649,0.009526222944259644,,
19,78659,,0.9596541523933411,0.13136109709739685
20,78699,0.018344581127166748,,
20,78749,0.005623847246170044,,
20,78799,0.02062554657459259,,
20,78849,0.006928980350494385,,
20,78899,0.0050363689661026,,
20,78949,0.32940760254859924,,
20,78999,0.027379795908927917,,
20,79049,0.005707070231437683,,
20,79099,0.18233419954776764,,
20,79149,0.11614581942558289,,
20,79199,0.0022899359464645386,,
20,79249,0.007848486304283142,,
20,79299,0.4933198094367981,,
20,79349,0.008497476577758789,,
20,79399,0.0729483813047409,,
20,79449,0.002229437232017517,,
20,79499,0.012601017951965332,,
20,79549,0.005502000451087952,,
20,79599,0.00409369170665741,,
20,79649,0.013963878154754639,,
20,79699,0.0033370107412338257,,
20,79749,0.03822721540927887,,
20,79799,0.002574145793914795,,
20,79849,0.009821727871894836,,
20,79899,0.031801000237464905,,
20,79949,0.028622806072235107,,
20,79999,0.015710696578025818,,
20,80049,0.0011526942253112793,,
20,80099,0.011520683765411377,,
20,80149,0.0015515834093093872,,
20,80199,0.0013370662927627563,,
20,80249,0.6815431714057922,,
20,80299,0.017670929431915283,,
20,80349,0.049352675676345825,,
20,80399,0.0009376257658004761,,
20,80449,0.021442532539367676,,
20,80499,0.14029917120933533,,
20,80549,0.025347009301185608,,
20,80599,0.5304154753684998,,
20,80649,0.03653746843338013,,
20,80699,0.03533770143985748,,
20,80749,0.3432696759700775,,
20,80799,0.002642795443534851,,
20,80849,0.24412044882774353,,
20,80899,0.015146911144256592,,
20,80949,0.012497663497924805,,
20,80999,0.05375795066356659,,
20,81049,0.02683025598526001,,
20,81099,0.5446395874023438,,
20,81149,0.0007437914609909058,,
20,81199,0.003900691866874695,,
20,81249,0.00626198947429657,,
20,81299,0.001477271318435669,,
20,81349,0.36100998520851135,,
20,81399,0.013917118310928345,,
20,81449,0.003358513116836548,,
20,81499,0.008625641465187073,,
20,81549,0.06915551424026489,,
20,81599,0.004418015480041504,,
20,81649,0.003104165196418762,,
20,81699,0.01898065209388733,,
20,81749,0.03930959105491638,,
20,81799,0.15122847259044647,,
20,81849,0.04063272476196289,,
20,81899,0.0022313743829727173,,
20,81949,0.25110718607902527,,
20,81999,0.04425744712352753,,
20,82049,0.016541481018066406,,
20,82099,0.06658521294593811,,
20,82149,1.1306556463241577,,
20,82199,0.0002668797969818115,,
20,82249,0.0189935564994812,,
20,82299,0.0006447881460189819,,
20,82349,0.005128711462020874,,
20,82399,0.06027674674987793,,
20,82449,0.01775321364402771,,
20,82499,0.29986485838890076,,
20,82549,0.026195377111434937,,
20,82592,,0.9666786789894104,0.11093974113464355
21,82599,0.19843223690986633,,
21,82649,0.0020570307970046997,,
21,82699,0.039590343832969666,,
21,82749,0.002061903476715088,,
21,82799,0.02069792151451111,,
21,82849,0.0013174116611480713,,
21,82899,0.0035860687494277954,,
21,82949,0.14487597346305847,,
21,82999,0.02953663468360901,,
21,83049,0.18552567064762115,,
21,83099,0.004416555166244507,,
21,83149,0.006414473056793213,,
21,83199,0.0004899352788925171,,
21,83249,0.008098110556602478,,
21,83299,0.007684633135795593,,
21,83349,0.08816486597061157,,
21,83399,0.22060461342334747,,
21,83449,0.01818603277206421,,
21,83499,0.012406647205352783,,
21,83549,0.00089225172996521,,
21,83599,0.07489326596260071,,
21,83649,0.006444662809371948,,
21,83699,0.9358618259429932,,
21,83749,0.003055065870285034,,
21,83799,0.568463921546936,,
21,83849,0.019317716360092163,,
21,83899,0.013659954071044922,,
21,83949,0.026051431894302368,,
21,83999,0.0006906688213348389,,
21,84049,0.019504830241203308,,
21,84099,1.203538179397583,,
21,84149,0.000904276967048645,,
21,84199,0.0041255950927734375,,
21,84249,0.0014094114303588867,,
21,84299,0.1435145139694214,,
21,84349,0.0017001479864120483,,
21,84399,0.007826089859008789,,
21,84449,0.03483670949935913,,
21,84499,0.1880078762769699,,
21,84549,0.0005678385496139526,,
21,84599,0.03845110535621643,,
21,84649,0.02400033175945282,,
21,84699,0.0019399821758270264,,
21,84749,0.026029586791992188,,
21,84799,0.0012402832508087158,,
21,84849,0.006851568818092346,,
21,84899,0.06475108861923218,,
21,84949,0.04604431986808777,,
21,84999,0.012926697731018066,,
21,85049,0.2817595601081848,,
21,85099,0.0028731971979141235,,
21,85149,0.0011695027351379395,,
21,85199,0.025928407907485962,,
21,85249,0.046675994992256165,,
21,85299,0.06991289556026459,,
21,85349,0.05549657344818115,,
21,85399,0.010509848594665527,,
21,85449,0.0028965026140213013,,
21,85499,0.048212096095085144,,
21,85549,0.09424903988838196,,
21,85599,0.05735445022583008,,
21,85649,0.0008483529090881348,,
21,85699,0.01932738721370697,,
21,85749,0.04065936803817749,,
21,85799,0.0018790066242218018,,
21,85849,0.03484630584716797,,
21,85899,0.0030251741409301758,,
21,85949,0.0006283074617385864,,
21,85999,0.0035672783851623535,,
21,86049,0.001183837652206421,,
21,86099,0.6166152954101562,,
21,86149,0.0021505802869796753,,
21,86199,0.028667286038398743,,
21,86249,0.02881684899330139,,
21,86299,0.00243203341960907,,
21,86349,0.023264586925506592,,
21,86399,0.5662194490432739,,
21,86449,0.01802249252796173,,
21,86499,0.10245801508426666,,
21,86525,,0.9610950946807861,0.1242930144071579
22,86549,0.1347436010837555,,
22,86599,0.005207151174545288,,
22,86649,0.002178564667701721,,
22,86699,0.0023451000452041626,,
22,86749,0.021827131509780884,,
22,86799,0.0024221688508987427,,
22,86849,0.012738242745399475,,
22,86899,0.003669530153274536,,
22,86949,0.00089244544506073,,
22,86999,0.001966923475265503,,
22,87049,0.07026195526123047,,
22,87099,0.0059357136487960815,,
22,87149,0.06681361794471741,,
22,87199,0.001147940754890442,,
22,87249,0.004008382558822632,,
22,87299,0.04141327738761902,,
22,87349,0.005685985088348389,,
22,87399,0.001212194561958313,,
22,87449,0.023742541670799255,,
22,87499,0.4348539710044861,,
22,87549,0.0051826536655426025,,
22,87599,0.09395439922809601,,
22,87649,0.0484660267829895,,
22,87699,0.015859395265579224,,
22,87749,0.010295167565345764,,
22,87799,0.7308075428009033,,
22,87849,0.0075957030057907104,,
22,87899,0.000573277473449707,,
22,87949,0.012225374579429626,,
22,87999,0.27016282081604004,,
22,88049,0.001257568597793579,,
22,88099,0.06698918342590332,,
22,88149,0.003427267074584961,,
22,88199,0.023064687848091125,,
22,88249,0.0038342922925949097,,
22,88299,0.03412404656410217,,
22,88349,0.002317070960998535,,
22,88399,0.0023781508207321167,,
22,88449,0.14271682500839233,,
22,88499,0.01962946355342865,,
22,88549,0.015968263149261475,,
22,88599,0.00029772520065307617,,
22,88649,0.0025555789470672607,,
22,88699,0.002181634306907654,,
22,88749,0.02644507586956024,,
22,88799,0.0017815828323364258,,
22,88849,0.10626648366451263,,
22,88899,0.005202338099479675,,
22,88949,0.0005610138177871704,,
22,88999,0.02824351191520691,,
22,89049,0.036350175738334656,,
22,89099,0.002569437026977539,,
22,89149,0.058294832706451416,,
22,89199,0.001801326870918274,,
22,89249,0.04294711351394653,,
22,89299,0.005011573433876038,,
22,89349,0.007524594664573669,,
22,89399,0.02927425503730774,,
22,89449,0.006814241409301758,,
22,89499,0.0010312050580978394,,
22,89549,0.11520029604434967,,
22,89599,0.013689637184143066,,
22,89649,0.004877373576164246,,
22,89699,0.006305724382400513,,
22,89749,0.005509406328201294,,
22,89799,0.28076955676078796,,
22,89849,0.32560837268829346,,
22,89899,0.10341110825538635,,
22,89949,0.04853837192058563,,
22,89999,0.0013312697410583496,,
22,90049,0.009524315595626831,,
22,90099,0.0035858899354934692,,
22,90149,0.014885544776916504,,
22,90199,0.004273444414138794,,
22,90249,0.003389328718185425,,
22,90299,0.008745580911636353,,
22,90349,0.009932860732078552,,
22,90399,0.00786435604095459,,
22,90449,0.005634412169456482,,
22,90458,,0.9740633964538574,0.08730141073465347
23,90499,0.06633013486862183,,
23,90549,0.25815367698669434,,
23,90599,0.00251615047454834,,
23,90649,0.011463776230812073,,
23,90699,0.00978858768939972,,
23,90749,0.0022956132888793945,,
23,90799,0.06041036546230316,,
23,90849,0.10862849652767181,,
23,90899,0.01586805284023285,,
23,90949,0.05058830976486206,,
23,90999,0.0019248872995376587,,
23,91049,0.0023459941148757935,,
23,91099,0.07608352601528168,,
23,91149,0.10213209688663483,,
23,91199,0.0028420686721801758,,
23,91249,0.004355236887931824,,
23,91299,0.000845983624458313,,
23,91349,0.0039017945528030396,,
23,91399,0.029002949595451355,,
23,91449,0.07381963729858398,,
23,91499,0.0009564757347106934,,
23,91549,0.0030086487531661987,,
23,91599,0.0007060617208480835,,
23,91649,0.022934019565582275,,
23,91699,0.00224246084690094,,
23,91749,0.023416131734848022,,
23,91799,0.002181991934776306,,
23,91849,0.003235146403312683,,
23,91899,0.1753004491329193,,
23,91949,0.0015822947025299072,,
23,91999,0.012172341346740723,,
23,92049,0.008487507700920105,,
23,92099,0.0382230281829834,,
23,92149,0.0030493438243865967,,
23,92199,0.0011562258005142212,,
23,92249,0.19544540345668793,,
23,92299,0.016744166612625122,,
23,92349,0.19260673224925995,,
23,92399,0.0006307661533355713,,
23,92449,0.009542211890220642,,
23,92499,0.0013595223426818848,,
23,92549,0.0020535141229629517,,
23,92599,0.01311299204826355,,
23,92649,0.3698534071445465,,
23,92699,0.0008222758769989014,,
23,92749,0.0005910992622375488,,
23,92799,0.006650164723396301,,
23,92849,0.008130073547363281,,
23,92899,0.022645264863967896,,
23,92949,0.007580429315567017,,
23,92999,0.060280218720436096,,
23,93049,0.004402846097946167,,
23,93099,0.001420721411705017,,
23,93149,0.0048223137855529785,,
23,93199,0.13146987557411194,,
23,93249,0.1265159249305725,,
23,93299,0.0022601336240768433,,
23,93349,0.007734626531600952,,
23,93399,0.006042033433914185,,
23,93449,0.43732213973999023,,
23,93499,0.007215782999992371,,
23,93549,0.009968847036361694,,
23,93599,0.0793709009885788,,
23,93649,0.00018709897994995117,,
23,93699,0.14930453896522522,,
23,93749,0.010941699147224426,,
23,93799,0.047014400362968445,,
23,93849,0.0010410547256469727,,
23,93899,0.0017910003662109375,,
23,93949,0.001599326729774475,,
23,93999,0.005532905459403992,,
23,94049,0.015302598476409912,,
23,94099,0.006899967789649963,,
23,94149,0.0006040185689926147,,
23,94199,0.07634153962135315,,
23,94249,0.00048057734966278076,,
23,94299,0.006550237536430359,,
23,94349,0.0014587342739105225,,
23,94391,,0.9607348442077637,0.12601807713508606
24,94399,0.09840905666351318,,
24,94449,0.011407434940338135,,
24,94499,0.2977767586708069,,
24,94549,0.005315348505973816,,
24,94599,0.04968404769897461,,
24,94649,0.0013983845710754395,,
24,94699,0.008298367261886597,,
24,94749,0.06100298464298248,,
24,94799,0.000740543007850647,,
24,94849,0.0055005550384521484,,
24,94899,0.040504708886146545,,
24,94949,0.18892574310302734,,
24,94999,0.0015127509832382202,,
24,95049,0.0005601644515991211,,
24,95099,0.0004259645938873291,,
24,95149,0.001309037208557129,,
24,95199,0.031731247901916504,,
24,95249,0.011786594986915588,,
24,95299,0.001909494400024414,,
24,95349,0.7412648797035217,,
24,95399,0.0011988133192062378,,
24,95449,0.00031976401805877686,,
24,95499,0.052531301975250244,,
24,95549,0.0037917345762252808,,
24,95599,0.0007199347019195557,,
24,95649,0.002593621611595154,,
24,95699,0.025008514523506165,,
24,95749,0.13149893283843994,,
24,95799,0.3377355933189392,,
24,95849,0.0877712219953537,,
24,95899,0.004028916358947754,,
24,95949,0.4749809503555298,,
24,95999,0.0006353855133056641,,
24,96049,0.0634927898645401,,
24,96099,0.0019087344408035278,,
24,96149,0.0017089098691940308,,
24,96199,0.06682659685611725,,
24,96249,0.007482126355171204,,
24,96299,0.03269834816455841,,
24,96349,0.000637054443359375,,
24,96399,0.038060739636421204,,
24,96449,0.004836484789848328,,
24,96499,0.0016928017139434814,,
24,96549,0.009572640061378479,,
24,96599,0.0028347820043563843,,
24,96649,0.000780150294303894,,
24,96699,0.01411639153957367,,
24,96749,0.01733347773551941,,
24,96799,0.02579854428768158,,
24,96849,0.02558189630508423,,
24,96899,0.07220824062824249,,
24,96949,0.002137482166290283,,
24,96999,0.296917587518692,,
24,97049,0.0797271579504013,,
24,97099,0.013350039720535278,,
24,97149,0.028375789523124695,,
24,97199,0.13252191245555878,,
24,97249,0.0017123818397521973,,
24,97299,0.003377199172973633,,
24,97349,0.0014892369508743286,,
24,97399,0.2968882918357849,,
24,97449,0.0019784271717071533,,
24,97499,0.0009164810180664062,,
24,97549,0.0027064532041549683,,
24,97599,0.0015473812818527222,,
24,97649,0.006490379571914673,,
24,97699,0.025326043367385864,,
24,97749,0.005627885460853577,,
24,97799,0.4989258944988251,,
24,97849,0.008182868361473083,,
24,97899,0.00037132203578948975,,
24,97949,0.013065487146377563,,
24,97999,0.17319820821285248,,
24,98049,0.008309155702590942,,
24,98099,0.0012006014585494995,,
24,98149,0.002888888120651245,,
24,98199,0.06028403341770172,,
24,98249,0.024033740162849426,,
24,98299,0.00041334331035614014,,
24,98324,,0.9715417623519897,0.0963234156370163
